Protein,AUC
0_tr|Q9FPR0|Q9FPR0_POAPR,0.9896551724137931
100_sp|P09259|GE_VZVD,0.8898026315789473
101_sp|P01308|INS_HUMAN,0.5319148936170213
102_sp|P07202|PERT_HUMAN,0.9467969598262758
103_tr|Q63MW8|Q63MW8_BURPS,0.9353348729792148
104_sp|Q16849|PTPRN_HUMAN,0.9979231568016614
105_sp|Q16849|PTPRN_HUMAN,0.9989615784008308
106_sp|P9WGU1|PSTS1_MYCTU,0.9052924791086351
107_sp|Q63WH0|ISPH1_BURPS,0.9477124183006536
108_tr|Q63MW8|Q63MW8_BURPS,0.48036951501154734
109_sp|P38948|MPAG1_ALNGL,0.9659863945578231
10_sp|P0DTC2|SPIKE_SARS2,0.507154213036566
110_sp|Q8I5D2|MSP9_PLAF7,0.9640387275242047
111_sp|P0DTC2|SPIKE_SARS2,0.9624900239425379
112_tr|Q9FPR0|Q9FPR0_POAPR,0.9862068965517241
113_sp|Q05329|DCE2_HUMAN,0.7946902654867256
114_sp|Q9NQR9|G6PC2_HUMAN,0.9941520467836258
115_sp|P01308|INS_HUMAN,1.0
116_tr|Q63JW5|Q63JW5_BURPS,0.9781553398058253
117_sp|Q7ZAK5|TACY_STRR6,0.9847161572052402
118_sp|Q7ZAK5|TACY_STRR6,0.988962472406181
119_sp|Q7ZAK5|TACY_STRR6,0.9977924944812362
11_sp|P0DTC2|SPIKE_SARS2,0.4610492845786963
120_sp|P17763|POLG_DEN1W,0.9949659461060113
121_sp|P01308|INS_HUMAN,0.8367346938775511
122_sp|P55087|AQP4_HUMAN,0.9900990099009901
123_tr|A5K1W7|A5K1W7_PLAVS,0.9798270893371758
124_sp|P17763|POLG_DEN1W,0.9508439443292863
125_sp|P17643|TYRP1_HUMAN,0.13984674329501912
126_tr|Q9ZP03|Q9ZP03_POAPR,0.9958847736625515
127_sp|P14946|MPAL1_LOLPR,0.9958847736625515
128_sp|Q41260|MPAP1_PHAAQ,0.9959839357429718
129_sp|P9WPE5|CH10_MYCTU,0.9879518072289156
12_sp|P0DTC2|SPIKE_SARS2,0.4030206677265501
130_sp|P0DTC2|SPIKE_SARS2,0.856120826709062
131_tr|Q63JW5|Q63JW5_BURPS,0.8058252427184466
132_sp|P12809|18KD_MYCLE,1.0
133_sp|P9WNK7|ESXA_MYCTU,0.3375
134_sp|P9WNK7|ESXA_MYCTU,0.675
135_sp|P9WNK7|ESXA_MYCTU,0.7375
136_sp|P9WNK7|ESXA_MYCTU,0.85
137_sp|P9WNK7|ESXA_MYCTU,0.17500000000000004
138_sp|P36222|CH3L1_HUMAN,0.9564032697547684
139_sp|P02749|APOH_HUMAN,0.8117283950617284
13_sp|P0DTC2|SPIKE_SARS2,0.9268680445151033
140_sp|Q8GZP6|ANAO2_ANAOC,0.988558352402746
141_sp|P04019|VE6_HPV11,0.9776119402985075
142_sp|Q28133|ALL2_BOVIN,0.9551282051282052
143_sp|Q28133|ALL2_BOVIN,0.41666666666666663
144_sp|Q28133|ALL2_BOVIN,0.8525641025641025
145_sp|P20701|ITAL_HUMAN,0.9973913043478261
146_tr|Q63MW8|Q63MW8_BURPS,0.7482678983833718
147_sp|Q3Y8M6|TPM_PENAT,0.9776951672862454
148_tr|Q63MW8|Q63MW8_BURPS,0.9676674364896074
149_sp|Q04844|ACHE_HUMAN,0.9810126582278481
14_sp|P02458|CO2A1_HUMAN,0.9572591587516961
150_sp|P00451|FA8_HUMAN,0.8271128271128271
151_tr|J3QL64|J3QL64_HUMAN,0.9790209790209791
152_tr|J3QQK6|J3QQK6_HUMAN,0.9874476987447699
153_sp|P02686|MBP_HUMAN,0.9896551724137931
154_tr|J3QL64|J3QL64_HUMAN,0.9859154929577465
155_tr|J3QQK6|J3QQK6_HUMAN,0.9915966386554622
156_sp|P02686|MBP_HUMAN,0.9930795847750865
157_tr|J3QL64|J3QL64_HUMAN,0.971830985915493
158_tr|J3QL64|J3QL64_HUMAN,0.9577464788732395
159_sp|P02686|MBP_HUMAN,0.9860627177700348
15_sp|P02458|CO2A1_HUMAN,0.9843962008141113
160_tr|J3QL64|J3QL64_HUMAN,0.9785714285714285
161_sp|P02686|MBP_HUMAN,0.9895470383275261
162_tr|J3QL64|J3QL64_HUMAN,0.9928571428571429
163_sp|P02686|MBP_HUMAN,0.9965156794425087
164_tr|J3QL64|J3QL64_HUMAN,0.9785714285714285
165_sp|P02458|CO2A1_HUMAN,0.9339686861810755
166_sp|P14946|MPAL1_LOLPR,0.9876543209876543
167_sp|Q9QZS0|CO4A3_MOUSE,0.829593693147362
168_sp|Q3Y8M6|TPM_PENAT,0.8252788104089219
169_tr|A0A3B3IU09|A0A3B3IU09_HUMAN,0.5679824561403508
16_sp|P08134|RHOC_HUMAN,0.9662921348314607
170_sp|P09259|GE_VZVD,0.6595394736842105
171_tr|O04828|O04828_HORVU,0.98
172_tr|Q63MW8|Q63MW8_BURPS,0.5057736720554272
173_sp|P15494|BEV1A_BETPN,0.993103448275862
174_sp|P15494|BEV1A_BETPN,0.8620689655172413
175_sp|P15494|BEV1A_BETPN,0.9862068965517241
176_sp|P07566|POLS_RUBVT,0.9819219790675547
177_sp|Q7K740|CSP_PLAF7,0.9922077922077922
178_sp|Q7K740|CSP_PLAF7,1.0
179_sp|P03277|CAPSH_ADE02,0.4973767051416579
17_sp|O43612|OREX_HUMAN,0.9743589743589743
180_sp|Q13641|TPBG_HUMAN,0.95
181_sp|Q9Q6P4|POLG_WNV9,0.8568081991215227
182_tr|Q63JW5|Q63JW5_BURPS,0.7766990291262136
183_sp|P22626|ROA2_HUMAN,0.9557522123893806
184_sp|P22626|ROA2_HUMAN,0.8731563421828908
185_tr|A0A504XWV3|A0A504XWV3_LEIDO,0.9556304408873911
186_sp|P03314|POLG_YEFV1,0.9982332155477032
187_sp|P03314|POLG_YEFV1,0.9967589864466706
188_tr|A0A3B3IU09|A0A3B3IU09_HUMAN,0.9778270509977827
189_sp|P01326|INS2_MOUSE,0.7835051546391752
18_sp|P01308|INS_HUMAN,0.9032258064516129
190_sp|P46841|ENCP2_MYCLE,0.9479166666666666
191_sp|P09259|GE_VZVD,0.6036184210526316
192_sp|P09259|GE_VZVD,0.9539473684210527
193_sp|P09259|GE_VZVD,0.6546052631578947
194_sp|P17763|POLG_DEN1W,0.9988155167308261
195_sp|Q8J0P4|CRF1_ASPFU,0.9631578947368421
196_sp|P17763|POLG_DEN1W,0.979271542789458
197_sp|P17763|POLG_DEN1W,0.9878590464909683
198_sp|Q9QZS0|CO4A3_MOUSE,0.8114008489993936
199_sp|Q9QZS0|CO4A3_MOUSE,0.834445118253487
19_sp|P16112|PGCA_HUMAN,0.99761620977354
1_tr|Q63JW5|Q63JW5_BURPS,0.9174757281553398
200_sp|P0DTC9|NCAP_SARS2,0.9207920792079208
201_sp|P0DTC2|SPIKE_SARS2,0.9173290937996821
202_sp|P0DTC2|SPIKE_SARS2,0.965818759936407
203_sp|P0DTC2|SPIKE_SARS2,0.9618441971383148
204_sp|P0DTC2|SPIKE_SARS2,0.8887122416534181
205_sp|P0DTC2|SPIKE_SARS2,0.9054054054054054
206_sp|P0DTC2|SPIKE_SARS2,0.6979332273449921
207_sp|P09259|GE_VZVD,0.16940789473684215
208_sp|P09259|GE_VZVD,0.33059210526315785
209_sp|Q9QZS0|CO4A3_MOUSE,0.8944815039417829
20_sp|P16112|PGCA_HUMAN,0.9992054032578467
210_sp|Q63WH0|ISPH1_BURPS,0.4248366013071896
211_sp|P43238|ALL12_ARAHY,0.9537953795379538
212_sp|P43238|ALL12_ARAHY,0.9125412541254125
213_sp|P03314|POLG_YEFV1,0.9708480565371025
214_sp|P04958|TETX_CLOTE,0.9829984544049459
215_tr|A0A504XKE2|A0A504XKE2_LEIDO,0.6360067302299495
216_sp|P09259|GE_VZVD,0.9917763157894737
217_sp|P30260|CDC27_HUMAN,1.0
218_sp|P17763|POLG_DEN1W,0.9964465501924785
219_sp|P17763|POLG_DEN1W,0.9375185075510808
21_tr|Q63MW8|Q63MW8_BURPS,0.6605080831408776
220_sp|P03314|POLG_YEFV1,0.9932273262661955
221_sp|Q8S4P9|VCL_CORAV,0.9719626168224299
222_tr|A0A504X102|A0A504X102_LEIDO,0.8594741613780599
223_sp|P01308|INS_HUMAN,0.8913043478260869
224_sp|P01308|INS_HUMAN,0.9444444444444444
225_sp|Q63K41|BOPE_BURPS,0.6307053941908713
226_sp|P10515|ODP2_HUMAN,0.9131121642969984
227_sp|Q76LX8|ATS13_HUMAN,0.9624645892351275
228_tr|Q91UM0|Q91UM0_POVJC,0.2625368731563422
229_tr|A0A504X6V9|A0A504X6V9_LEIDO,0.8844827586206897
22_sp|P02686|MBP_HUMAN,0.8873239436619719
230_tr|Q5Y7D1|Q5Y7D1_HUMAN,0.8582995951417004
231_tr|T1UD71|T1UD71_9MONO,0.9940828402366864
232_sp|P02458|CO2A1_HUMAN,0.9290586630286494
233_sp|P03314|POLG_YEFV1,0.998527679623086
234_sp|Q63K35|BIPC_BURPS,0.9924812030075187
235_tr|O81342|O81342_PHLPR,0.9054545454545455
236_sp|P01308|INS_HUMAN,0.43333333333333335
237_sp|Q05329|DCE2_HUMAN,0.9327433628318584
238_sp|P01308|INS_HUMAN,0.978494623655914
239_sp|P02458|CO2A1_HUMAN,0.9667119565217391
23_sp|P09255|ICP22_VZVD,0.9612403100775194
240_sp|P01308|INS_HUMAN,0.6082474226804124
241_sp|Q95182|ALL1_HORSE,0.9940828402366864
242_sp|P0DTC2|SPIKE_SARS2,0.7718600953895072
243_sp|P0DTC2|SPIKE_SARS2,0.6979332273449921
244_sp|P0DTC2|SPIKE_SARS2,0.9618441971383148
245_sp|P0DTC2|SPIKE_SARS2,0.8131955484896661
246_sp|P0DTC2|SPIKE_SARS2,0.8632750397456279
247_sp|P17763|POLG_DEN1W,0.9979271542789458
248_sp|P17763|POLG_DEN1W,0.9982232750962393
249_tr|A0A7I2PJZ2|A0A7I2PJZ2_HUMAN,0.996328029375765
24_tr|T1UD71|T1UD71_9MONO,0.23668639053254437
250_sp|Q63K35|BIPC_BURPS,0.7468671679197996
251_sp|P17763|POLG_DEN1W,0.8889546935149542
252_tr|A0A3B3IU09|A0A3B3IU09_HUMAN,0.7964601769911505
253_sp|P09264|TEG1_VZVD,0.9429012345679012
254_sp|P0DTC2|SPIKE_SARS2,0.9409417398244214
255_tr|A0A3B3IU09|A0A3B3IU09_HUMAN,0.9356984478935698
256_sp|P36222|CH3L1_HUMAN,0.569482288828338
257_sp|Q63WH0|ISPH1_BURPS,0.5457516339869282
258_sp|P01308|INS_HUMAN,1.0
259_tr|Q63MW8|Q63MW8_BURPS,0.36027713625866054
25_sp|Q9QZS0|CO4A3_MOUSE,0.9636143117040631
260_sp|B4X640|VCL_PISVE,0.979047619047619
261_tr|Q8L5L5|Q8L5L5_ANAOC,0.9884169884169884
262_tr|Q8L5L5|Q8L5L5_ANAOC,0.9980694980694981
263_sp|P04958|TETX_CLOTE,0.9332310053722179
264_tr|A0A7I2PJZ2|A0A7I2PJZ2_HUMAN,0.7025703794369644
265_sp|P01308|INS_HUMAN,0.2210526315789474
266_sp|Q13018|PLA2R_HUMAN,0.6867636867636868
267_sp|Q13018|PLA2R_HUMAN,0.589050589050589
268_sp|Q13018|PLA2R_HUMAN,0.5488565488565489
269_sp|Q13018|PLA2R_HUMAN,0.7789327789327789
26_sp|P04015|VE2_HPV11,0.4152542372881356
270_sp|P0C0Z7|CH60_CHLTR,0.9905660377358491
271_sp|P36222|CH3L1_HUMAN,0.9565217391304348
272_sp|Q9Q6P4|POLG_WNV9,0.9812591508052708
273_sp|P01308|INS_HUMAN,0.9891304347826086
274_tr|Q63UZ9|Q63UZ9_BURPS,0.9257142857142857
275_tr|Q63T73|Q63T73_BURPS,0.8395061728395061
276_sp|P03277|CAPSH_ADE02,0.8310598111227702
277_sp|Q33E94|RFX4_HUMAN,0.9722222222222222
278_sp|P21186|NCAP_MUMPM,0.9943820224719101
279_sp|P17763|POLG_DEN1W,0.9952620669233047
27_sp|O43612|OREX_HUMAN,0.9576271186440678
280_sp|P07288|KLK3_HUMAN,0.966804979253112
281_sp|P07288|KLK3_HUMAN,0.9211618257261411
282_sp|Q9Q6P4|POLG_WNV9,0.4978038067349927
283_sp|P0CL66|OSPA_BORBU,1.0
284_tr|Q63MW8|Q63MW8_BURPS,0.7967667436489607
285_tr|J3QL64|J3QL64_HUMAN,0.8188405797101449
286_sp|Q63KH5|CIF_BURPS,0.7564935064935066
287_sp|P09264|TEG1_VZVD,1.0
288_tr|Q8L5L5|Q8L5L5_ANAOC,0.8648648648648649
289_tr|Q8L5L5|Q8L5L5_ANAOC,0.9285714285714286
28_sp|P09310|ICP4_VZVD,0.9813953488372094
290_sp|Q786F3|FUS_MEASC,0.9738317757009346
291_sp|P09259|GE_VZVD,0.08717105263157898
292_sp|P09259|GE_VZVD,0.774671052631579
293_tr|H0YA27|H0YA27_HUMAN,0.9936708860759493
294_sp|P03314|POLG_YEFV1,0.9440188568061285
295_tr|I3L170|I3L170_HUMAN,0.6
296_sp|P17763|POLG_DEN1W,0.9931892212022505
297_tr|A0A3B3IU09|A0A3B3IU09_HUMAN,0.9868995633187773
298_sp|Q63WH0|ISPH1_BURPS,0.7908496732026143
299_sp|P0DTC5|VME1_SARS2,0.9851485148514851
29_tr|Q63JW5|Q63JW5_BURPS,0.5970873786407767
2_sp|P9WNK5|ESXB_MYCTU,0.9882352941176471
300_sp|P49278|ALL2_DERPT,0.13076923076923075
301_sp|P17763|POLG_DEN1W,0.9997038791827065
302_sp|P09259|GE_VZVD,0.9901315789473685
303_sp|P09259|GE_VZVD,0.9539473684210527
304_sp|P0DTC5|VME1_SARS2,0.8316831683168316
305_tr|Q63RZ9|Q63RZ9_BURPS,0.9117647058823529
306_tr|Q63RZ9|Q63RZ9_BURPS,0.8382352941176471
307_sp|P9WNK7|ESXA_MYCTU,0.4625
308_sp|P9WNK7|ESXA_MYCTU,0.525
309_sp|P49278|ALL2_DERPT,0.7744360902255639
30_tr|Q63MW8|Q63MW8_BURPS,0.2979214780600462
310_sp|Q63KH5|CIF_BURPS,0.711038961038961
311_sp|P17763|POLG_DEN1W,0.9754219721646432
312_tr|A0A3B3IU09|A0A3B3IU09_HUMAN,0.9891067538126361
313_sp|P17763|POLG_DEN1W,0.5238377257921232
314_sp|P48426|PI42A_HUMAN,0.9922480620155039
315_sp|P0DTC2|SPIKE_SARS2,0.9896661367249603
316_sp|P0DTC2|SPIKE_SARS2,0.84181240063593
317_sp|P0DTC2|SPIKE_SARS2,0.9562798092209857
318_sp|P0DTC2|SPIKE_SARS2,0.9570747217806042
319_sp|P0DTC2|SPIKE_SARS2,0.9888712241653418
31_sp|P02754|LACB_BOVIN,0.9171974522292994
320_sp|P0DTC2|SPIKE_SARS2,0.9825119236883942
321_sp|P0DTC2|SPIKE_SARS2,0.972972972972973
322_sp|P0DTC2|SPIKE_SARS2,0.8553259141494436
323_sp|P09259|GE_VZVD,0.8009868421052632
324_sp|P09259|GE_VZVD,0.7039473684210527
325_sp|Q32ZE1|POLG_ZIKV,0.28390703147984697
326_sp|P03314|POLG_YEFV1,0.9964643488509134
327_tr|Q91UM0|Q91UM0_POVJC,0.9941002949852508
328_sp|P02511|CRYAB_HUMAN,0.09999999999999998
329_sp|P14283|PERT_BORPE,0.5515695067264574
32_sp|Q8GZP6|ANAO2_ANAOC,0.7345537757437071
330_sp|P09259|GE_VZVD,0.9358552631578947
331_sp|P09259|GE_VZVD,0.8338815789473684
332_sp|P09259|GE_VZVD,0.17598684210526316
333_sp|P03314|POLG_YEFV1,0.9652532391048292
334_sp|P60201|MYPR_HUMAN,0.727626459143969
335_sp|P60201|MYPR_HUMAN,0.9027237354085603
336_sp|P09259|GE_VZVD,0.9950657894736842
337_sp|P09259|GE_VZVD,0.9868421052631579
338_sp|P9WJC3|ESPJ_MYCTU,0.9660377358490566
339_sp|P06733|ENOA_HUMAN,0.4844868735083532
33_sp|Q3Y8M6|TPM_PENAT,0.9925650557620818
340_sp|P04271|S100B_HUMAN,0.8472222222222222
341_sp|Q84ZX5|ALL1_ARTVU,0.8916666666666666
342_tr|Q63T73|Q63T73_BURPS,0.8827160493827161
343_tr|Q63T73|Q63T73_BURPS,0.7654320987654322
344_sp|P20908|CO5A1_HUMAN,0.9029072956664839
345_sp|Q9NQR9|G6PC2_HUMAN,0.991044776119403
346_sp|P43238|ALL12_ARAHY,0.9273927392739274
347_sp|P0DTC5|VME1_SARS2,1.0
348_sp|P04958|TETX_CLOTE,0.48729792147806006
349_tr|J3QL64|J3QL64_HUMAN,0.9507042253521126
34_sp|Q9QZS0|CO4A3_MOUSE,0.9987871437234688
350_sp|Q13018|PLA2R_HUMAN,0.9564917127071824
351_sp|Q13018|PLA2R_HUMAN,0.9578729281767956
352_sp|Q13018|PLA2R_HUMAN,0.8888121546961326
353_sp|Q13018|PLA2R_HUMAN,0.9910220994475138
354_tr|A0A3B3IU09|A0A3B3IU09_HUMAN,0.9423503325942351
355_sp|Q05329|DCE2_HUMAN,0.9539823008849557
356_tr|A0A7I2PJZ2|A0A7I2PJZ2_HUMAN,0.9228886168910648
357_sp|P43357|MAGA3_HUMAN,1.0
358_tr|A0A804HJ06|A0A804HJ06_HUMAN,0.7007299270072993
359_sp|Q63KH5|CIF_BURPS,0.9058441558441559
35_sp|P0DTC9|NCAP_SARS2,0.9901719901719902
360_sp|Q3Y8M6|TPM_PENAT,0.9442379182156134
361_sp|P17763|POLG_DEN1W,1.0
362_tr|J3QL64|J3QL64_HUMAN,0.3188405797101449
363_sp|P49278|ALL2_DERPT,0.8549618320610687
364_sp|P49278|ALL2_DERPT,0.7099236641221374
365_sp|P0DTC2|SPIKE_SARS2,0.5127186009538951
366_sp|P0DTC2|SPIKE_SARS2,0.37042925278219396
367_sp|P0DTC2|SPIKE_SARS2,0.4419713831478538
368_sp|P0DTC2|SPIKE_SARS2,0.9705648369132855
369_sp|P0DTC2|SPIKE_SARS2,0.9688498402555911
36_sp|P09259|GE_VZVD,0.4769736842105263
370_sp|P0DTC2|SPIKE_SARS2,0.8993610223642172
371_sp|P06733|ENOA_HUMAN,0.5178997613365155
372_sp|P06733|ENOA_HUMAN,0.8520286396181385
373_sp|P06733|ENOA_HUMAN,0.8973747016706444
374_sp|P10233|VP22_HHV11,1.0
375_sp|P0DTD1|R1AB_SARS2,1.0
376_tr|A0A7I2PJZ2|A0A7I2PJZ2_HUMAN,0.6744186046511628
377_sp|Q3Y8M6|TPM_PENAT,0.9814126394052045
378_sp|P0DTC2|SPIKE_SARS2,0.771678599840891
379_sp|Q8GZP6|ANAO2_ANAOC,0.9977116704805492
37_sp|P09259|GE_VZVD,0.4046052631578947
380_tr|A0A3B3IU09|A0A3B3IU09_HUMAN,0.9889135254988913
381_sp|Q05329|DCE2_HUMAN,0.9911504424778761
382_sp|P02749|APOH_HUMAN,0.6212121212121212
383_sp|Q9NQR9|G6PC2_HUMAN,0.9970149253731343
384_sp|P0A0V0|LPP20_HELPY,0.9444444444444444
385_sp|P01308|INS_HUMAN,0.04347826086956519
386_sp|P0DTD1|R1AB_SARS2,0.9635644682954386
387_sp|P9WGU1|PSTS1_MYCTU,0.9220055710306406
388_sp|P43238|ALL12_ARAHY,0.7970540098199672
389_sp|P43238|ALL12_ARAHY,0.9125412541254125
38_sp|P09259|GE_VZVD,0.549342105263158
390_sp|Q3Y8M6|TPM_PENAT,0.929368029739777
391_sp|P09259|GE_VZVD,0.9424342105263158
392_sp|P60201|MYPR_HUMAN,0.1089494163424124
393_tr|A5K3N8|A5K3N8_PLAVS,0.8272394881170019
394_tr|A5K3N8|A5K3N8_PLAVS,0.8391224862888482
395_sp|Q9Q6P4|POLG_WNV9,0.9329428989751098
396_tr|A5K1W7|A5K1W7_PLAVS,0.9106628242074928
397_sp|P15309|PPAP_HUMAN,0.9514824797843666
398_sp|P09259|GE_VZVD,0.6644736842105263
399_sp|P09259|GE_VZVD,0.9835526315789473
39_sp|P09259|GE_VZVD,0.3667763157894737
3_tr|A0A7I2PJZ2|A0A7I2PJZ2_HUMAN,0.9461444308445532
400_sp|Q33E94|RFX4_HUMAN,0.9291666666666667
401_sp|P15309|PPAP_HUMAN,0.8787061994609164
402_tr|A0A3B3IU09|A0A3B3IU09_HUMAN,0.926829268292683
403_sp|Q05329|DCE2_HUMAN,0.9415929203539823
404_sp|P01132|EGF_MOUSE,0.9858803986710963
405_sp|Q9HD40|SPCS_HUMAN,0.950920245398773
406_tr|A5K3N8|A5K3N8_PLAVS,0.9885740402193784
407_sp|P09259|GE_VZVD,0.9342105263157895
408_sp|P09259|GE_VZVD,0.9950657894736842
409_sp|P0DTC2|SPIKE_SARS2,0.7305246422893481
40_sp|P09259|GE_VZVD,0.9983552631578947
410_sp|P09259|GE_VZVD,0.9720394736842105
411_sp|Q9Y5K2|KLK4_HUMAN,0.5941422594142259
412_sp|P25391|LAMA1_HUMAN,0.8561151079136691
413_sp|P15502|ELN_HUMAN,0.9610894941634242
414_tr|Q63MW8|Q63MW8_BURPS,0.8406466512702079
415_sp|Q13641|TPBG_HUMAN,0.43000000000000005
416_sp|P17763|POLG_DEN1W,0.9970387918270655
417_sp|P03349|GAG_HV1A2,0.9917864476386037
418_sp|P32926|DSG3_HUMAN,0.8963414634146342
419_sp|Q3Y8M6|TPM_PENAT,0.6877323420074349
41_sp|P09259|GE_VZVD,0.9407894736842105
420_sp|P17763|POLG_DEN1W,0.9979271542789458
421_sp|P0DTC2|SPIKE_SARS2,0.93879173290938
422_sp|P01308|INS_HUMAN,0.6808510638297872
423_tr|A0A3B3IU09|A0A3B3IU09_HUMAN,0.9540481400437637
424_tr|A0A3B3IU09|A0A3B3IU09_HUMAN,0.9122807017543859
425_sp|P0DTC9|NCAP_SARS2,0.9573934837092732
426_sp|P07288|KLK3_HUMAN,0.5933609958506224
427_tr|Q95VF2|Q95VF2_LEIDO,0.5174825174825175
428_sp|P9WNK5|ESXB_MYCTU,0.9882352941176471
429_sp|P0DTC2|SPIKE_SARS2,0.9529130087789306
42_sp|P09259|GE_VZVD,0.9605263157894737
430_tr|Q63MW8|Q63MW8_BURPS,0.8521939953810623
431_tr|Q63MW8|Q63MW8_BURPS,0.9491916859122402
432_sp|P01308|INS_HUMAN,0.1063829787234043
433_sp|P9WQP1|A85B_MYCTU,0.9934426229508196
434_sp|P08134|RHOC_HUMAN,0.949438202247191
435_sp|P02458|CO2A1_HUMAN,0.9938900203665988
436_sp|P20908|CO5A1_HUMAN,0.725726823916621
437_sp|P20908|CO5A1_HUMAN,0.7004936917169501
438_sp|Q69028|DPOL_HBVCJ,0.9757575757575757
439_sp|P03314|POLG_YEFV1,0.9796819787985865
43_sp|Q6PSU2|CONG7_ARAHY,0.9490445859872612
440_sp|P03314|POLG_YEFV1,0.9891048292108363
441_sp|P08176|PEPT1_DERPT,0.9639344262295082
442_sp|P08176|PEPT1_DERPT,0.8426229508196721
443_sp|Q13018|PLA2R_HUMAN,0.5795297372060857
444_sp|Q13018|PLA2R_HUMAN,0.5622406639004149
445_sp|Q13018|PLA2R_HUMAN,0.7372060857538036
446_sp|Q13018|PLA2R_HUMAN,0.8704088704088704
447_sp|Q13018|PLA2R_HUMAN,0.4871794871794872
448_sp|Q13018|PLA2R_HUMAN,0.30977130977130973
449_sp|Q13018|PLA2R_HUMAN,0.5994455994455994
44_sp|P0C746|HBZ_HTL1A,0.5396825396825398
450_tr|J3QL64|J3QL64_HUMAN,0.37681159420289856
451_sp|P02686|MBP_HUMAN,0.43508771929824563
452_tr|J3QL64|J3QL64_HUMAN,0.2753623188405797
453_sp|P17763|POLG_DEN1W,0.9890435297601421
454_sp|Q63WH0|ISPH1_BURPS,0.954248366013072
455_sp|P0DTC5|VME1_SARS2,0.9951690821256038
456_sp|P0DTC5|VME1_SARS2,0.966183574879227
457_sp|P0DTC5|VME1_SARS2,0.7729468599033816
458_sp|P36334|SPIKE_CVHOC,0.9805389221556886
459_sp|Q9Q6P4|POLG_WNV9,0.6922401171303074
45_tr|J3QL64|J3QL64_HUMAN,0.5289855072463768
460_sp|F8WCM5|INSR2_HUMAN,0.8817204301075269
461_sp|F8WCM5|INSR2_HUMAN,0.6989247311827957
462_sp|P01308|INS_HUMAN,0.9139784946236559
463_sp|P0CL66|OSPA_BORBU,0.9846743295019157
464_sp|P24301|CH10_MYCLE,0.9318181818181819
465_sp|Q9Q6P4|POLG_WNV9,0.9953147877013178
466_sp|P09259|GE_VZVD,0.7631578947368421
467_sp|P09259|GE_VZVD,0.08388157894736847
468_sp|P09259|GE_VZVD,0.631578947368421
469_sp|P01308|INS_HUMAN,1.0
46_sp|P14679|TYRO_HUMAN,0.5311284046692607
470_sp|P09259|GE_VZVD,0.993421052631579
471_sp|P9WPE7|CH602_MYCTU,0.9865384615384616
472_sp|P01308|INS_HUMAN,0.368421052631579
473_tr|A0A504XF01|A0A504XF01_LEIDO,0.8086584714056654
474_sp|Q3Y8M6|TPM_PENAT,0.12267657992565051
475_sp|Q61885|MOG_MOUSE,0.9733333333333334
476_sp|Q61885|MOG_MOUSE,0.9688888888888889
477_sp|P17763|POLG_DEN1W,0.8797749481788569
478_sp|P60201|MYPR_HUMAN,0.9649805447470817
479_sp|P02708|ACHA_HUMAN,0.6193693693693694
47_tr|Q63JW5|Q63JW5_BURPS,0.6116504854368932
480_sp|P02708|ACHA_HUMAN,0.28828828828828834
481_sp|P02708|ACHA_HUMAN,1.0
482_tr|Q63MW8|Q63MW8_BURPS,0.9722863741339491
483_tr|A0A3B3IU09|A0A3B3IU09_HUMAN,0.9257641921397379
484_tr|Q63RZ9|Q63RZ9_BURPS,0.9411764705882353
485_sp|O43612|OREX_HUMAN,0.7372881355932204
486_tr|Q63W89|Q63W89_BURPS,0.9384615384615385
487_tr|Q63JW5|Q63JW5_BURPS,0.9271844660194175
488_sp|P9WNI9|ESXR_MYCTU,1.0
489_sp|Q63K41|BOPE_BURPS,0.6721991701244814
48_tr|H7C7G3|H7C7G3_BURPS,0.8614130434782609
490_sp|P43238|ALL12_ARAHY,0.9705400981996727
491_tr|Q63MW8|Q63MW8_BURPS,0.9445727482678984
492_sp|Q05110|VA5_VESVU,0.7594339622641509
493_sp|P09259|GE_VZVD,0.513157894736842
494_sp|P09259|GE_VZVD,0.42598684210526316
495_sp|P17763|POLG_DEN1W,0.9994077583654131
496_sp|P0DTC2|SPIKE_SARS2,0.9896661367249603
497_sp|P0DTC2|SPIKE_SARS2,0.9577015163607342
498_sp|P0DTC2|SPIKE_SARS2,0.8946528332003192
499_sp|P04958|TETX_CLOTE,0.8563748079877112
49_sp|P03277|CAPSH_ADE02,0.5267576075550893
4_sp|P17643|TYRP1_HUMAN,0.9003831417624522
500_sp|P17763|POLG_DEN1W,0.9609120521172638
501_sp|P0DTC2|SPIKE_SARS2,0.7424483306836248
502_tr|A0A3B3IU09|A0A3B3IU09_HUMAN,1.0
503_sp|P0DTC2|SPIKE_SARS2,0.9848966613672496
504_sp|P0DTC2|SPIKE_SARS2,0.9570063694267515
505_sp|Q05329|DCE2_HUMAN,0.7283950617283951
506_sp|P9WNK7|ESXA_MYCTU,0.9875
507_sp|P15309|PPAP_HUMAN,0.9508196721311475
508_sp|P0A0V0|LPP20_HELPY,0.6728395061728395
509_sp|P02671|FIBA_HUMAN,0.7265258215962441
50_tr|Q63T73|Q63T73_BURPS,0.9753086419753086
510_sp|P10523|ARRS_HUMAN,0.974025974025974
511_sp|P17763|POLG_DEN1W,0.9674267100977199
512_sp|P40967|PMEL_HUMAN,0.9274691358024691
513_tr|Q63W89|Q63W89_BURPS,0.915
514_sp|Q05329|DCE2_HUMAN,0.40530973451327434
515_tr|H7C7G3|H7C7G3_BURPS,0.5543478260869565
516_tr|H7C7G3|H7C7G3_BURPS,0.6413043478260869
517_sp|Q63K35|BIPC_BURPS,0.93734335839599
518_sp|P04958|TETX_CLOTE,0.9799227799227799
519_sp|Q04609|FOLH1_HUMAN,0.9850340136054422
51_sp|Q9QZS0|CO4A3_MOUSE,0.8993329290479078
520_sp|P49278|ALL2_DERPT,1.0
521_sp|Q9WMB5|NCAP_MEASC,0.6058823529411765
522_sp|P10230|TEG1_HHV11,0.34566145092460887
523_tr|Q2V3L5|Q2V3L5_ARATH,0.43846153846153846
524_sp|Q8GZP6|ANAO2_ANAOC,0.9565217391304348
525_tr|F7JR25|F7JR25_9FIRM,0.7769516728624535
526_sp|P0DTC2|SPIKE_SARS2,0.9616613418530351
527_sp|P32926|DSG3_HUMAN,0.6883910386965377
528_sp|P01308|INS_HUMAN,0.9693877551020408
529_sp|Q63K41|BOPE_BURPS,0.9585062240663901
52_sp|Q9QZS0|CO4A3_MOUSE,0.9721043056397817
530_sp|P02686|MBP_HUMAN,0.9619377162629758
531_sp|Q63KH5|CIF_BURPS,0.8051948051948052
532_sp|P0DTC2|SPIKE_SARS2,0.9624900239425379
533_sp|P04015|VE2_HPV11,0.7094017094017093
534_sp|P04015|VE2_HPV11,0.98005698005698
535_sp|P13423|PAG_BACAN,0.892328398384926
536_sp|O84591|ENO_CHLTR,0.7878048780487805
537_tr|H3BM21|H3BM21_HUMAN,0.9284785435630689
538_tr|A0A7I2PJZ2|A0A7I2PJZ2_HUMAN,0.8604651162790697
539_sp|P0DTD1|R1AB_SARS2,0.9954808642847056
53_sp|P08134|RHOC_HUMAN,0.8932584269662921
540_sp|P0C767|HBEAG_HBVCJ,0.8883248730964467
541_sp|P0DTC2|SPIKE_SARS2,0.8172386272944931
542_sp|Q9Q6P4|POLG_WNV9,0.9440702781844802
543_sp|P00451|FA8_HUMAN,0.9935787671232876
544_sp|P09259|GE_VZVD,0.8273026315789473
545_sp|P09259|GE_VZVD,0.9292763157894737
546_tr|T1UD71|T1UD71_9MONO,0.9467455621301775
547_tr|J3QL64|J3QL64_HUMAN,0.7971014492753623
548_sp|P09259|GE_VZVD,0.9917763157894737
549_sp|P09259|GE_VZVD,0.9144736842105263
54_sp|P08134|RHOC_HUMAN,0.9710982658959537
550_sp|P09259|GE_VZVD,0.19736842105263153
551_sp|O75508|CLD11_HUMAN,0.9090909090909091
552_sp|P02749|APOH_HUMAN,0.9637462235649547
553_sp|P9WNK5|ESXB_MYCTU,0.9647058823529412
554_tr|O82580|O82580_ARAHY,0.8638211382113821
555_sp|P32926|DSG3_HUMAN,0.7759674134419552
556_tr|J3QL64|J3QL64_HUMAN,0.9855072463768116
557_tr|J3QL64|J3QL64_HUMAN,0.9710144927536232
558_sp|Q3Y8M6|TPM_PENAT,0.9776951672862454
559_sp|P43238|ALL12_ARAHY,0.9410801963993454
55_sp|P04958|TETX_CLOTE,0.8432432432432433
560_sp|P17763|POLG_DEN1W,0.5614450695883921
561_sp|P43238|ALL12_ARAHY,0.9455445544554455
562_sp|P08622|DNAJ_ECOLI,0.6094182825484764
563_sp|Q3Y8M6|TPM_PENAT,0.483271375464684
564_sp|P0DTC2|SPIKE_SARS2,0.9609250398724083
565_sp|Q3Y8M6|TPM_PENAT,0.6505576208178439
566_sp|P16519|NEC2_HUMAN,0.9486356340288925
567_sp|P9WQP3|A85A_MYCTU,0.9907120743034056
568_tr|A0A140H1H1|A0A140H1H1_CVHK1,0.8338323353293413
569_tr|A0A504XQX2|A0A504XQX2_LEIDO,0.6245733788395904
56_sp|P08176|PEPT1_DERPT,1.0
570_sp|P09255|ICP22_VZVD,0.9923954372623575
571_sp|P00451|FA8_HUMAN,0.9392902949978623
572_tr|Q63JW5|Q63JW5_BURPS,0.9320388349514563
573_tr|Q63JW5|Q63JW5_BURPS,0.5558252427184466
574_tr|J3QL64|J3QL64_HUMAN,0.21014492753623193
575_sp|P43238|ALL12_ARAHY,0.9900990099009901
576_sp|P43238|ALL12_ARAHY,0.9752475247524752
577_sp|Q8DNS0|STKP_STRR6,1.0
578_sp|P03129|VE7_HPV16,0.47435897435897434
579_sp|P20979|MCEL_VACCC,0.991494532199271
57_sp|P05106|ITB3_HUMAN,0.9832474226804123
580_sp|P01325|INS1_MOUSE,0.6923076923076923
581_sp|P17763|POLG_DEN1W,0.9816405093278058
582_sp|P0DTC2|SPIKE_SARS2,0.8850758180367119
583_sp|P04958|TETX_CLOTE,0.9500384319754035
584_sp|P04958|TETX_CLOTE,0.9838585703305149
585_sp|P04958|TETX_CLOTE,0.8946153846153846
586_sp|P04958|TETX_CLOTE,0.9376923076923077
587_sp|Q13018|PLA2R_HUMAN,0.2626472626472627
588_sp|Q13018|PLA2R_HUMAN,0.3645183645183645
589_sp|Q13018|PLA2R_HUMAN,0.5530145530145529
58_sp|Q3Y8M6|TPM_PENAT,0.9739776951672863
590_sp|Q13018|PLA2R_HUMAN,0.2148302148302148
591_sp|P0DTD1|R1AB_SARS2,0.9837593560231606
592_tr|H7C7G3|H7C7G3_BURPS,0.9483695652173914
593_tr|Q63JW5|Q63JW5_BURPS,0.8713592233009708
594_sp|P22626|ROA2_HUMAN,0.8035714285714286
595_sp|P0DTC2|SPIKE_SARS2,0.692368839427663
596_sp|P0DTC2|SPIKE_SARS2,0.9689984101748808
597_sp|P0DTC2|SPIKE_SARS2,0.9912559618441972
598_sp|P0DTC2|SPIKE_SARS2,0.8958664546899842
599_sp|P08176|PEPT1_DERPT,0.7081967213114755
59_sp|Q3Y8M6|TPM_PENAT,0.966542750929368
5_sp|P0DTC6|NS6_SARS2,0.7608695652173914
600_tr|Q63MW8|Q63MW8_BURPS,0.7205542725173211
601_sp|P03349|GAG_HV1A2,0.9856850715746421
602_sp|P01308|INS_HUMAN,0.26595744680851063
603_sp|P03381|ENV_HTL1A,0.6701902748414377
604_tr|A5K3N8|A5K3N8_PLAVS,0.9456124314442413
605_sp|Q3Y8M6|TPM_PENAT,0.7434944237918215
606_tr|A0A3B3IU09|A0A3B3IU09_HUMAN,0.9477124183006536
607_sp|Q9Q6P4|POLG_WNV9,0.9938524590163934
608_sp|Q09013|DMPK_HUMAN,0.9441707717569786
609_sp|P13423|PAG_BACAN,0.7473262032085561
60_sp|P0DTC2|SPIKE_SARS2,0.5762170790103751
610_sp|P09259|GE_VZVD,0.7483552631578947
611_sp|Q9Y5K2|KLK4_HUMAN,0.899581589958159
612_sp|P59594|SPIKE_SARS,0.9694041867954911
613_sp|P17763|POLG_DEN1W,0.9997038791827065
614_sp|Q6PSU2|CONG7_ARAHY,0.8355263157894737
615_sp|P01308|INS_HUMAN,0.8617021276595744
616_tr|A0A3B3IU09|A0A3B3IU09_HUMAN,0.8823529411764706
617_sp|K9N5Q8|SPIKE_MERS1,0.9507462686567164
618_tr|A0A0P0G321|A0A0P0G321_CVHNL,0.9717051377513031
619_tr|F1DB20|F1DB20_9ALPC,0.9947877885331348
61_sp|P03129|VE7_HPV16,0.9487179487179487
620_sp|P0DTC2|SPIKE_SARS2,0.9952380952380953
621_sp|P0DTC2|SPIKE_SARS2,0.9833068362480127
622_sp|P36222|CH3L1_HUMAN,0.9972972972972973
623_sp|Q63KH5|CIF_BURPS,0.8214285714285714
624_sp|Q9NQR9|G6PC2_HUMAN,0.9707602339181287
625_sp|Q63KH5|CIF_BURPS,0.961038961038961
626_sp|Q9Q6P4|POLG_WNV9,0.16095990635059998
627_sp|Q13018|PLA2R_HUMAN,0.4123354123354124
628_sp|Q13018|PLA2R_HUMAN,0.2661122661122661
629_sp|Q13018|PLA2R_HUMAN,0.2993762993762994
62_tr|A0A3B3IU09|A0A3B3IU09_HUMAN,0.5635964912280702
630_sp|Q13018|PLA2R_HUMAN,0.525987525987526
631_sp|Q63WH0|ISPH1_BURPS,0.9281045751633987
632_sp|P0DTC2|SPIKE_SARS2,0.7225755166931638
633_sp|P0DTC2|SPIKE_SARS2,0.6995230524642289
634_sp|P0DTC2|SPIKE_SARS2,0.7297297297297297
635_sp|P0DTC2|SPIKE_SARS2,0.5779014308426074
636_sp|P0DTC2|SPIKE_SARS2,0.9030206677265501
637_sp|P00451|FA8_HUMAN,0.7945087945087945
638_sp|P14946|MPAL1_LOLPR,0.9382716049382716
639_sp|P14679|TYRO_HUMAN,0.6809338521400778
63_sp|P17763|POLG_DEN1W,0.9875629256736749
640_sp|P0DTC2|SPIKE_SARS2,0.9228934817170111
641_sp|P0DTC2|SPIKE_SARS2,0.8275039745627981
642_sp|P0DTC2|SPIKE_SARS2,0.9030206677265501
643_sp|P0DTC2|SPIKE_SARS2,0.9498806682577565
644_sp|O15523|DDX3Y_HUMAN,0.881619937694704
645_sp|Q9QZS0|CO4A3_MOUSE,0.9769557307459066
646_sp|Q9QZS0|CO4A3_MOUSE,0.9102486355366889
647_tr|J3QL64|J3QL64_HUMAN,0.21985815602836878
648_sp|P09259|GE_VZVD,0.9259868421052632
649_sp|P09259|GE_VZVD,0.9111842105263158
64_sp|P17763|POLG_DEN1W,0.9804560260586319
650_sp|P09259|GE_VZVD,0.899671052631579
651_sp|P17763|POLG_DEN1W,0.9857862007699141
652_sp|P14679|TYRO_HUMAN,0.35214007782101164
653_sp|P0DTC2|SPIKE_SARS2,0.9769108280254777
654_tr|I3L170|I3L170_HUMAN,0.9723076923076923
655_sp|P04114|APOB_HUMAN,0.9676781002638523
656_tr|J3QL64|J3QL64_HUMAN,0.05797101449275366
657_sp|P01308|INS_HUMAN,0.6836734693877551
658_tr|Q63RZ9|Q63RZ9_BURPS,0.9607843137254902
659_sp|P13423|PAG_BACAN,0.925531914893617
65_sp|P09255|ICP22_VZVD,0.8566037735849057
660_sp|P69996|URE1_HELPY,0.9855595667870036
661_tr|A0A504Y111|A0A504Y111_LEIDO,0.669694217378141
662_sp|Q61733|RT31_MOUSE,0.967391304347826
663_sp|P0DTC2|SPIKE_SARS2,0.8890662410215483
664_sp|P17763|POLG_DEN1W,0.9407758365413088
665_sp|P32926|DSG3_HUMAN,1.0
666_sp|Q7K740|CSP_PLAF7,0.870712401055409
667_sp|Q7K740|CSP_PLAF7,0.8865435356200527
668_sp|Q7K740|CSP_PLAF7,0.9498680738786279
669_sp|Q7K740|CSP_PLAF7,0.8575197889182058
66_sp|Q01955|CO4A3_HUMAN,0.963030303030303
670_sp|Q7K740|CSP_PLAF7,0.8258575197889182
671_sp|P0DTC2|SPIKE_SARS2,0.6740858505564388
672_tr|A0A7I2PJZ2|A0A7I2PJZ2_HUMAN,0.966952264381885
673_sp|P59594|SPIKE_SARS,0.9887096774193549
674_sp|P00451|FA8_HUMAN,0.9854638734501924
675_sp|P00451|FA8_HUMAN,0.9961389961389961
676_sp|P14679|TYRO_HUMAN,0.45736434108527135
677_sp|P43238|ALL12_ARAHY,0.8085106382978724
678_tr|Q63JW5|Q63JW5_BURPS,0.6092233009708738
679_tr|Q63JW5|Q63JW5_BURPS,0.7427184466019418
67_sp|P15309|PPAP_HUMAN,0.9380053908355795
680_sp|Q13018|PLA2R_HUMAN,0.1688490696071675
681_sp|Q13018|PLA2R_HUMAN,0.4128187456926258
682_sp|Q13018|PLA2R_HUMAN,0.5423845623707788
683_sp|Q13018|PLA2R_HUMAN,0.36802205375603037
684_sp|P0DTC9|NCAP_SARS2,0.9047619047619048
685_sp|P09259|GE_VZVD,0.8207236842105263
686_sp|P09259|GE_VZVD,0.899671052631579
687_sp|P09259|GE_VZVD,0.8404605263157895
688_sp|P09259|GE_VZVD,0.7763157894736842
689_sp|P09259|GE_VZVD,0.8355263157894737
68_sp|Q9QZS0|CO4A3_MOUSE,0.929047907822923
690_sp|P17763|POLG_DEN1W,0.9985193959135327
691_tr|Q63MW8|Q63MW8_BURPS,0.8983833718244804
692_sp|P15502|ELN_HUMAN,0.22438391699092086
693_sp|P22090|RS4Y1_HUMAN,0.8508064516129032
694_sp|P17763|POLG_DEN1W,0.9991116375481196
695_tr|A0A7I2PJZ2|A0A7I2PJZ2_HUMAN,0.23500611995104037
696_sp|P15309|PPAP_HUMAN,0.9262295081967213
697_sp|P07288|KLK3_HUMAN,0.7732793522267206
698_sp|P23515|OMGP_HUMAN,0.4188235294117647
699_sp|P15494|BEV1A_BETPN,0.9864864864864865
69_sp|P15309|PPAP_HUMAN,0.9272237196765498
6_sp|Q9Q6P4|POLG_WNV9,0.9970717423133235
700_sp|P0DTC2|SPIKE_SARS2,0.9992019154030327
701_tr|Q63JW5|Q63JW5_BURPS,0.7402912621359223
702_sp|P18632|PLY1_CRYJA,0.9779005524861879
703_sp|P0DTC2|SPIKE_SARS2,0.9443561208267091
704_tr|Q63JW5|Q63JW5_BURPS,0.7548543689320388
705_sp|P10230|TEG1_HHV11,0.9943100995732574
706_sp|Q13018|PLA2R_HUMAN,0.7227997227997228
707_sp|Q13018|PLA2R_HUMAN,0.8558558558558559
708_sp|Q13018|PLA2R_HUMAN,0.413028413028413
709_sp|P0DTC2|SPIKE_SARS2,0.9777424483306836
70_sp|P59594|SPIKE_SARS,0.962157809983897
710_sp|P0DTC2|SPIKE_SARS2,0.8243243243243243
711_sp|P0DTC2|SPIKE_SARS2,0.8545310015898251
712_sp|P0DTC2|SPIKE_SARS2,0.8966613672496025
713_sp|P0DTC2|SPIKE_SARS2,0.9753577106518283
714_sp|P0DTC2|SPIKE_SARS2,0.8736089030206677
715_sp|P0DTC2|SPIKE_SARS2,0.9928457869634341
716_sp|P0DTC2|SPIKE_SARS2,0.9992050874403816
717_sp|P0DTC2|SPIKE_SARS2,0.958664546899841
718_sp|P0DTC2|SPIKE_SARS2,0.9372019077901431
719_sp|P0DTC2|SPIKE_SARS2,0.9712689545091779
71_sp|P0DTC2|SPIKE_SARS2,0.9429024583663759
720_tr|A0A7I2PJZ2|A0A7I2PJZ2_HUMAN,0.5593635250917992
721_sp|P10230|TEG1_HHV11,0.635846372688478
722_sp|Q63K41|BOPE_BURPS,0.970954356846473
723_sp|P06733|ENOA_HUMAN,0.9880668257756563
724_sp|P09259|GE_VZVD,0.9950657894736842
725_sp|P43238|ALL12_ARAHY,0.9801980198019802
726_sp|P0DTC5|VME1_SARS2,0.9356435643564356
727_sp|P09259|GE_VZVD,0.96875
728_tr|H7C7G3|H7C7G3_BURPS,0.6195652173913043
729_tr|A0A3B3IU09|A0A3B3IU09_HUMAN,0.6258205689277899
72_sp|P0DTC2|SPIKE_SARS2,0.7567567567567568
730_sp|Q05329|DCE2_HUMAN,0.658493870402802
731_sp|P0CC04|OMCBD_CHLTR,0.99812734082397
732_sp|P23700|OMCB_CHLPN,0.998158379373849
733_sp|P0DTC9|NCAP_SARS2,0.9975429975429976
734_sp|P60201|MYPR_HUMAN,0.7159533073929961
735_sp|P09259|GE_VZVD,0.9901315789473685
736_sp|Q63WH0|ISPH1_BURPS,0.9052287581699346
737_sp|Q63WH0|ISPH1_BURPS,0.7712418300653595
738_sp|Q9QZS0|CO4A3_MOUSE,0.9338993329290479
739_sp|P02749|APOH_HUMAN,0.7538461538461538
73_sp|P0DTC2|SPIKE_SARS2,0.8966613672496025
740_sp|P03277|CAPSH_ADE02,0.9905561385099685
741_sp|Q25619|FAR1_ONCVO,0.5757575757575757
742_tr|Q63MW8|Q63MW8_BURPS,0.9445727482678984
743_tr|A0A7I2PJZ2|A0A7I2PJZ2_HUMAN,0.7637698898408812
744_tr|Q91UM0|Q91UM0_POVJC,0.6135693215339233
745_sp|P09259|GE_VZVD,0.6842105263157895
746_sp|P09259|GE_VZVD,0.9292763157894737
747_sp|P09259|GE_VZVD,0.6480263157894737
748_sp|P09259|GE_VZVD,0.75
749_sp|P09259|GE_VZVD,0.9046052631578947
74_sp|P0DTC2|SPIKE_SARS2,0.8267090620031796
750_sp|P09259|GE_VZVD,0.9917763157894737
751_sp|P01308|INS_HUMAN,0.3076923076923077
752_tr|Q8L5L5|Q8L5L5_ANAOC,0.916988416988417
753_sp|P0DTC2|SPIKE_SARS2,0.7090620031796502
754_sp|P0DTC2|SPIKE_SARS2,0.6804451510333863
755_sp|P0DTC2|SPIKE_SARS2,0.9777424483306836
756_sp|P0DTC2|SPIKE_SARS2,0.9308426073131956
757_sp|P0DTC2|SPIKE_SARS2,0.8441971383147854
758_sp|P0DTC2|SPIKE_SARS2,0.7456279809220986
759_sp|P0DTC2|SPIKE_SARS2,0.9308426073131956
75_sp|P0DTC2|SPIKE_SARS2,0.8910969793322735
760_sp|P06996|OMPC_ECOLI,0.9769452449567724
761_sp|P38948|MPAG1_ALNGL,0.9931972789115646
762_sp|P38948|MPAG1_ALNGL,0.9931972789115646
763_tr|Q63T73|Q63T73_BURPS,0.9876543209876543
764_sp|P02686|MBP_HUMAN,0.9862542955326461
765_sp|P06733|ENOA_HUMAN,0.8719806763285024
766_sp|Q16849|PTPRN_HUMAN,0.9751552795031055
767_sp|Q16849|PTPRN_HUMAN,0.9057971014492754
768_sp|P43238|ALL12_ARAHY,0.7888707037643208
769_sp|P17763|POLG_DEN1W,0.9946698252887178
76_sp|P0DTC2|SPIKE_SARS2,0.6717011128775834
770_sp|P9WMJ9|DNAK_MYCTU,0.9934426229508196
771_sp|P17763|POLG_DEN1W,0.8534201954397393
772_sp|P9WQP3|A85A_MYCTU,0.9968553459119497
773_sp|P0DTC2|SPIKE_SARS2,0.9363564041368337
774_sp|P03314|POLG_YEFV1,0.856301531213192
775_tr|H7C7G3|H7C7G3_BURPS,0.845108695652174
776_sp|P05106|ITB3_HUMAN,0.9388020833333334
777_sp|Q9Q6P4|POLG_WNV9,0.9926793557833089
778_tr|J3QL64|J3QL64_HUMAN,1.0
779_tr|J3QL64|J3QL64_HUMAN,0.948905109489051
77_sp|P0DTC2|SPIKE_SARS2,0.2553870710295292
780_tr|J3QL64|J3QL64_HUMAN,0.9562043795620438
781_sp|P07288|KLK3_HUMAN,0.8623481781376519
782_sp|P16112|PGCA_HUMAN,0.9462151394422311
783_sp|Q7ZAK5|TACY_STRR6,0.8211920529801324
784_tr|A0A7I2PJZ2|A0A7I2PJZ2_HUMAN,0.7135862913096696
785_tr|B6DVW7|B6DVW7_9POLY,0.7766624843161857
786_tr|Q63MW8|Q63MW8_BURPS,0.9561200923787528
787_sp|P40967|PMEL_HUMAN,0.9271317829457364
788_sp|P68694|RP132_VACCC,0.9339130434782609
789_sp|P0DTC9|NCAP_SARS2,0.9826732673267327
78_sp|P59594|SPIKE_SARS,0.9943639291465378
790_sp|P9WIE5|KATG_MYCTU,0.25655172413793104
791_sp|P60201|MYPR_HUMAN,0.7198443579766537
792_sp|Q9QZS0|CO4A3_MOUSE,0.9739235900545785
793_tr|Q63JW5|Q63JW5_BURPS,0.9830097087378641
794_tr|Q63JW5|Q63JW5_BURPS,0.8325242718446602
795_sp|P03314|POLG_YEFV1,0.9920494699646644
796_sp|P0DTC2|SPIKE_SARS2,0.4491255961844197
797_sp|P0DTC2|SPIKE_SARS2,0.7162162162162162
798_sp|P0DTC2|SPIKE_SARS2,0.7694753577106519
799_sp|P0DTC2|SPIKE_SARS2,0.3910969793322735
79_sp|P04958|TETX_CLOTE,0.9930609097918273
7_sp|P03349|GAG_HV1A2,0.9771784232365145
800_sp|P09259|GE_VZVD,0.9490131578947368
801_sp|Q05329|DCE2_HUMAN,0.2707964601769911
802_sp|P17643|TYRP1_HUMAN,0.8467432950191571
803_sp|P09259|GE_VZVD,0.40625
804_sp|P09259|GE_VZVD,0.45723684210526316
805_sp|P09259|GE_VZVD,0.4671052631578947
806_sp|P09259|GE_VZVD,0.6151315789473684
807_sp|P09259|GE_VZVD,0.9210526315789473
808_sp|Q9Q6P4|POLG_WNV9,0.9581259150805271
809_sp|P09259|GE_VZVD,0.9523026315789473
80_sp|P00451|FA8_HUMAN,0.885934819897084
810_sp|P03277|CAPSH_ADE02,0.6107030430220357
811_sp|Q13018|PLA2R_HUMAN,0.9646569646569647
812_sp|Q13018|PLA2R_HUMAN,0.9875259875259875
813_sp|Q13018|PLA2R_HUMAN,0.9722799722799723
814_sp|Q13018|PLA2R_HUMAN,0.9618849618849619
815_sp|P40126|TYRP2_HUMAN,0.8571428571428572
816_tr|F4PYJ3|F4PYJ3_CACFS,1.0
817_sp|P36222|CH3L1_HUMAN,0.9182561307901907
818_sp|Q7K740|CSP_PLAF7,0.9948051948051948
819_sp|P59594|SPIKE_SARS,0.5375909458367016
81_sp|P09259|GE_VZVD,0.26809210526315785
820_sp|P01308|INS_HUMAN,0.3894736842105263
821_sp|P01308|INS_HUMAN,0.3894736842105263
822_sp|P03409|TAX_HTL1A,0.9882352941176471
823_sp|P0DTC2|SPIKE_SARS2,0.7551669316375199
824_sp|P0DTC2|SPIKE_SARS2,0.8282988871224165
825_sp|P0DTC2|SPIKE_SARS2,0.9602543720190779
826_sp|P0DTC2|SPIKE_SARS2,1.0
827_sp|P0DTC2|SPIKE_SARS2,0.9793322734499205
828_sp|P0DTC2|SPIKE_SARS2,0.9960254372019078
829_sp|P0DTC2|SPIKE_SARS2,0.9356120826709062
82_tr|Q9NHU4|Q9NHU4_9TRYP,0.3055555555555556
830_sp|P0DTC2|SPIKE_SARS2,0.8895071542130366
831_tr|A0A3B3IU09|A0A3B3IU09_HUMAN,0.6075388026607539
832_sp|P09259|GE_VZVD,0.8881578947368421
833_sp|P09259|GE_VZVD,0.8207236842105263
834_sp|P09259|GE_VZVD,0.8601973684210527
835_sp|P10230|TEG1_HHV11,0.42105263157894735
836_sp|P60201|MYPR_HUMAN,0.980544747081712
837_sp|P60202|MYPR_MOUSE,0.980544747081712
838_sp|P60201|MYPR_HUMAN,0.5758754863813229
839_sp|P60201|MYPR_HUMAN,0.4552529182879378
83_tr|J3QL64|J3QL64_HUMAN,0.9927536231884058
840_sp|P09259|GE_VZVD,0.9259868421052632
841_tr|A0A3B3IU09|A0A3B3IU09_HUMAN,0.7915742793791574
84_tr|J3QL64|J3QL64_HUMAN,0.9927536231884058
85_tr|J3QL64|J3QL64_HUMAN,0.9927536231884058
86_tr|J3QL64|J3QL64_HUMAN,1.0
87_tr|J3QL64|J3QL64_HUMAN,0.9855072463768116
88_sp|Q05329|DCE2_HUMAN,0.1504424778761062
89_tr|A0A7I2PJZ2|A0A7I2PJZ2_HUMAN,0.8543451652386781
8_sp|P03369|POL_HV1A2,0.9887085391672548
90_sp|P0DTD8|NS7B_SARS2,0.6071428571428572
91_sp|P09259|GE_VZVD,0.2549342105263158
92_sp|P03314|POLG_YEFV1,0.9991160872127284
93_sp|P0DTC2|SPIKE_SARS2,0.9672785315243416
94_tr|A0A3B3IU09|A0A3B3IU09_HUMAN,0.9955555555555555
95_tr|Q63MW8|Q63MW8_BURPS,0.6189376443418013
96_sp|P17763|POLG_DEN1W,0.8637844240450103
97_tr|A0A504XJI7|A0A504XJI7_LEIDO,0.6966767371601208
98_sp|P00451|FA8_HUMAN,0.9970034246575342
99_sp|P11021|BIP_HUMAN,0.3028391167192429
9_sp|Q13641|TPBG_HUMAN,0.49
